URL's,Label
https://www.uber.com/us/en/ride,0
https://www.weather.com/weather/today,0
https://speech-svc.dialectdozing.in.net,1
https://netflix-billing-update.com/verify,1
https://dashboard.heroku.com/apps,0
https://www.fastly.com,0
https://ravoqqux.top/admin/signup-worker.js,1
https://status.heroku.com/api/v3/current-status,0
https://www.gatech.edu/academics,0
https://outer-reach.exaltedinfinate.in.net,1
https://score-board.saklatwenty.in.net,1
http://176.65.139.25/bins/tony.sh4,1
https://appleid-confirmation.com/verify,1
https://www.microsoft.com/en-us/windows,0
https://www.reuters.com/world,0
http://182.127.80.25:59854/bin.sh,1
https://raw.githubusercontent.com/pallets/flask/main/README.md,0
https://pixel-trace.iconoguroque.in.net,1
https://www.costco.com,0
https://virginia.edu,0
http://182.126.92.120:38077/i,1
https://www.notion.so/dashboard,0
https://bread-wine.eucharistshrink.in.net,1
https://nhl.com,0
http://176.65.139.67/mipsel,1
https://www.wikipedia.org,0
https://iridiacheats.dev/fal.php,1
https://office.com,0
https://www.nfl.com,0
https://ubereats.com,0
https://www.box.com,0
https://support.apple.com/en-us,0
https://live-svc.ranchitro.in.net,1
https://www.netflix.com,0
https://hero-svc.boyishglorified.in.net,1
https://model-check.theoristack.in.net,1
https://m.youtube.com/watch,0
https://www.bloomberg.com,0
https://www.mit.edu/academics,0
https://www.nfl.com/scores,0
https://www.loc.gov/collections,0
https://instagram-verification-center.com/auth,1
https://loc.gov,0
https://quick-io.fastidmatrix.in.net,1
https://iridiacheats.dev/fal.php,1
https://bing.com,0
https://x.com/explore,0
http://176.65.139.25/bins/tony.arm,1
http://115.55.237.251:34948/i,1
https://superuser.com,0
https://low-io.downpredict.in.net,1
https://office.com/launch/word,0
https://www.instagram.com/explore,0
https://www.fastly.com/products,0
http://176.65.139.41/main_arm5,1
https://serverfault.com/questions,0
https://water-log.midgetplunge.in.net,1
https://main-route.leavedistribut.in.net,1
https://image-api.iconoguroque.in.net,1
https://slack.com,0
https://lab-access.bactergreat.in.net,1
https://ftpemails.com/MSI_145003.png,1
https://www.microsoft.com,0
https://zillow.com,0
https://www.purdue.edu/admissions,0
https://step-wise.inferencestream.in.net,1
https://urgent-verification-required-login.com/auth,1
https://hard-svc.dictatessullen.in.net,1
https://logic-vault.inferencestream.in.net,1
https://api.stripe.com/v1/charges,0
https://en.wikipedia.org/wiki/Artificial_intelligence,0
https://uber.com,0
https://www.who.int,0
https://www.ox.ac.uk/admissions,0
http://176.65.139.41/main_m68k,1
https://www.udemy.com,0
https://edge-mqtt.facebook.com/mqtt,0
https://trimeshet.intellectnail.in.net,1
http://176.65.139.25/bins/tony.arm5,1
https://stat-portal.downpredict.in.net,1
http://123.13.117.136:38308/i,1
https://rest-log.goingsick.in.net,1
https://en.wikipedia.org,0
https://unit-node.fastidmatrix.in.net,1
http://61.52.86.36:52242/i,1
https://www.khanacademy.org/math,0
https://media.discordapp.net/attachments/123456789/file.png,0
https://www.theguardian.com/world,0
https://figma.com,0
https://www.netlify.com,0
https://link-api.emissarysooth.in.net,1
https://www.walmart.com/account,0
https://solid-svc.shapeprimrose.in.net,1
https://zoom.us/join,0
http://221.15.189.66:39201/bin.sh,1
https://reuters.com,0
http://171.127.139.236:51817/i,1
https://sense-data.cognisphere.in.net,1
https://www.stanford.edu/research,0
http://verysuspiciousurl.com/secure/login/bank?user=admin&pass=1234,1
https://www.bankofamerica.com/online-banking/sign-in,0
http://175.22.235.64:52647/bin.sh,1
https://ranch-hub.ranchitro.in.net,1
https://www.illinois.edu,0
https://www.wisc.edu,0
http://219.157.51.87:38148/i,1
https://www.pandora.com/stations,0
https://github.com/login,0
https://www.fifa.com/tournaments,0
http://182.119.226.59:49082/i,1
http://222.138.64.12:41955/bin.sh,1
https://asana.com,0
https://www.nba.com,0
http://61.53.119.3:40689/i,1
https://www.edx.org,0
https://prennixo.com/react,1
https://cnn.com,0
http://125.41.1.165:44071/i,1
https://maps.google.com,0
https://storage.googleapis.com/download/storage/v1/b/example-bucket/o/file.txt,0
https://heavy-weight.basaltloading.in.net,1
https://cloudflare.com,0
http://115.54.164.160:46338/i,1
http://105.184.29.36:33225/i,1
https://match-hub.saklatwenty.in.net,1
https://infer-unit.inferencestream.in.net,1
https://mesh-static.fastidmatrix.in.net,1
http://115.53.218.123:38316/i,1
https://word-api.dialectdozing.in.net,1
https://binance-account-verification.com/auth,1
https://rest-log.goingsick.in.net,1
https://www.paypal.com/activity,0
https://core-logic.axiomatrix.in.net,1
http://176.65.139.52/bins/xnxnxnxnxnxnxnxni386xnxn,1
http://110.36.18.167:35874/bin.sh,1
https://ucla.edu,0
https://www.cloudflare.com,0
http://27.15.119.98:43267/i,1
https://trello.com/b,0
http://176.65.139.41/main_mips,1
https://match-hub.saklatwenty.in.net,1
https://ox.ac.uk,0
https://irs.gov,0
http://87.121.84.78/c.sh,1
https://mlb.com,0
http://59.97.251.171:39070/i,1
http://85.239.147.6/files/7942715918/RBZABPF.exe,1
https://www.utexas.edu/academics,0
https://www.linkedin.com/feed,0
https://surface-api.enameledtack.in.net,1
https://rule-set.axiomatrix.in.net,1
https://low-io.downpredict.in.net,1
https://count-log.saklatwenty.in.net,1
https://www.cnn.com/world,0
https://image-api.iconoguroque.in.net,1
https://www.zillow.com/homes,0
https://game-api.saklatwenty.in.net,1
https://secure-user-validation-center.com/login,1
http://27.215.47.176:49969/i,1
http://61.53.85.113:59799/i,1
http://42.229.165.25:55762/i,1
http://221.15.189.66:39201/i,1
http://115.53.218.123:38316/bin.sh,1
https://news.yahoo.com,0
https://www.trello.com,0
http://42.238.169.158:52941/i,1
https://break-down.analyticaengine.in.net,1
https://target.com,0
https://past-api.monarchold.in.net,1
http://paypa1.com,1
http://59.97.251.171:39070/i,1
https://break-down.analyticaengine.in.net,1
https://rest-gate.dialectdozing.in.net,1
https://www.linkedin.com/jobs,0
https://take-api.apotheosbring.in.net,1
https://expedia.com,0
https://base-point.fastidmatrix.in.net,1
https://olympics.com,0
https://mega-vault.exaltedinfinate.in.net,1
https://link-hub.goodtwain.in.net,1
https://www.ucla.edu,0
https://vvind-point.embassyotolaryn.in.net,1
https://word-check.dictatessullen.in.net,1
https://docusign-secure-authentication.com/login,1
http://42.229.165.25:55762/bin.sh,1
https://www.booking.com,0
http://115.63.13.122:46533/i,1
https://soft-svc.emissarysooth.in.net,1
https://vercel.com/dashboard,0
http://42.55.189.59:41488/bin.sh,1
https://www.imdb.com/chart/top,0
https://space-time.theoristack.in.net,1
https://www.mlb.com,0
https://port-hub.covercotehour.in.net,1
https://www.unc.edu,0
http://176.65.139.52/bins/xnxnxnxnxnxnxnxnor1kxnxn,1
https://www.noaa.gov/weather,0
http://85.239.147.6/files/8756257131/zCfWbdD.bat,1
https://umich.edu,0
https://metacritic.com,0
https://rule-check.monarchold.in.net,1
https://cargo-hub.basaltloading.in.net,1
https://shop-hub.selzovestments.in.net,1
https://sense-data.cognisphere.in.net,1
https://wave-point.beckonuncert.in.net,1
https://www.booking.com/index.html,0
https://washington.edu,0
https://pure-node.bactergreat.in.net,1
http://176.65.139.52/bins/xnxnxnxnxnxnxnxnm68kxnxn,1
https://www.nasa.gov,0
https://www.netflix.com/title,0
https://wave-point.beckonuncert.in.net,1
https://dark-node.dictatessullen.in.net,1
http://123.13.117.136:38308/bin.sh,1
https://news.yahoo.com/world,0
https://tripadvisor.com,0
https://www.vercel.com,0
https://top-team.saklatwenty.in.net,1
http://222.140.131.243:53574/bin.sh,1
https://mail.google.com,0
https://ufl.edu,0
https://wrap-logic.covercotehour.in.net,1
https://www.squareup.com,0
https://www.citi.com/credit-cards,0
https://www.discord.com,0
https://www.lowes.com,0
https://lowes.com,0
https://www.reddit.com/r/all,0
http://iridiacheats.dev/install,1
https://www.adobe.com,0
https://www.udemy.com/course,0
https://www.noaa.gov,0
https://motion-svc.dialecticalgrid.in.net,1
https://trimeshet.intellectnail.in.net,1
http://110.36.18.167:35874/i,1
https://www.tamu.edu,0
https://micro-svc.bactergreat.in.net,1
https://www.theguardian.com,0
https://www.redfin.com,0
http://176.65.139.52/bins/xnxnxnxnxnxnxnxnriscv,1
https://account-security-check-required.com/auth,1
https://api.twitter.com/2/tweets,0
https://dual-api.goodtwain.in.net,1
https://model-check.theoristack.in.net,1
https://stripe.com,0
https://noaa.gov,0
https://www.bbc.com,0
https://www.nhl.com/scores,0
https://www.ubereats.com/feed,0
http://39.90.149.255:36524/i,1
https://www.grubhub.com,0
https://icloud-account-verify.com/login,1
https://test-api.sciencestupids.in.net,1
https://stanford.edu,0
https://chat.openai.com/chat,0
https://load-sync.leavedistribut.in.net,1
https://www.netflix.com/browse,0
http://176.65.139.41/main_sh4,1
http://178.16.55.80/Task.vbs,1
https://item-svc.selzovestments.in.net,1
https://hsgeowvi.com/032.txt,1
https://land-vault.ranchitro.in.net,1
https://iridiacheats.dev/gggs.7z,1
https://www.cam.ac.uk,0
https://digitalocean.com,0
https://www.metacritic.com/browse/games,0
https://shift-node.apotheosbring.in.net,1
https://nfl.com,0
https://yale.edu,0
https://top-team.saklatwenty.in.net,1
https://nih.gov,0
https://base-point.shapeprimrose.in.net,1
https://www.citi.com,0
https://www.bestbuy.com,0
https://www.nih.gov/health-information,0
https://ed.gov,0
http://178.16.55.80/SysTask.vbs,1
https://www.osu.edu/academics,0
https://office365-login-security.com/auth,1
https://www.lyft.com,0
https://crop-api.ranchitro.in.net,1
https://ikea.com,0
https://redfin.com,0
https://www.zillow.com,0
https://vercel.com,0
https://serverfault.com,0
http://123.8.81.192:41615/i,1
https://grubhub.com,0
http://176.65.139.41/main_arm7,1
https://wisc.edu,0
https://bankofamerica-secure-alert.com/login,1
https://play.googleapis.com/log/batch,0
http://42.55.0.149:38376/i,1
https://talk-sync.dialectdozing.in.net,1
https://www.nih.gov,0
https://netflix.com,0
http://176.65.139.52/bins/xnxnxnxnxnxnxnxnsh4xnxn,1
http://182.121.45.199:50943/bin.sh,1
https://linkedin.com,0
https://www.rottentomatoes.com/browse/movies,0
http://42.55.189.59:41488/i,1
https://www.gatech.edu,0
https://squareup.com/dashboard,0
https://www.ubereats.com,0
https://google.com,1
https://gitlab.com,0
https://illinois.edu,0
https://trend-api.downpredict.in.net,1
https://platform.openai.com/docs,0
https://main-route.leavedistribut.in.net,1
https://www.khanacademy.org,0
https://www.espn.com,0
https://www.amazon.com/gp/cart,0
https://safe-node.covercotehour.in.net,1
http://176.65.139.41/main_arm,1
https://m.youtube.com,0
https://hero-svc.boyishglorified.in.net,1
https://www.bankofamerica.com,0
https://message-hub.emissarysooth.in.net,1
https://www.umich.edu,0
https://www.wellsfargo.com,0
https://base-audit.drillobjection.in.net,1
http://182.53.98.121:50518/i,1
https://www.nhl.com,0
https://water-log.midgetplunge.in.net,1
http://85.239.147.6/files/7900572318/KaAa3H0.exe,1
https://mood-log.dictatessullen.in.net,1
https://floor-node.downpredict.in.net,1
https://dropbox.com,0
https://hint-api.inferencestream.in.net,1
https://quiet-node.dialectdozing.in.net,1
https://www.olympics.com,0
https://espn.com,0
https://www.wisc.edu/academics,0
https://heavy-weight.basaltloading.in.net,1
http://176.65.139.25/bins/tony.arm6,1
https://lab-access.bactergreat.in.net,1
https://www.capitalone.com,0
http://42.55.0.149:38376/i,1
https://www.lowes.com/pl/tools,0
http://125.41.1.165:44071/bin.sh,1
https://paypal.com,0
https://google-account-recovery-support.com/signin,1
http://222.138.102.241:54139/bin.sh,1
https://www.digitalocean.com/products/droplets,0
http://iridiacheats.dev/install,1
https://www.costco.com/warehouse-locations,0
https://twitter.com,0
https://news.google.com,0
http://46.116.177.76:59843/bin.sh,1
https://reddit.com,0
https://www.digitalocean.com,0
https://apple.com,0
https://www.cdc.gov,0
https://verify-your-bank-account-now.com/login,1
https://www.virginia.edu,0
https://www.yale.edu,0
https://www.bbc.com/news,0
http://219.157.51.87:38148/bin.sh,1
https://www.akamai.com/solutions,0
https://www.virginia.edu/academics,0
https://ideal-node.theoristack.in.net,1
https://score-board.saklatwenty.in.net,1
https://www.netlify.com/products,0
https://fonts.gstatic.com/s/roboto/v30/KFOmCnqEu92Fr1Mu4mxP.ttf,0
https://aws.amazon.com/console,0
http://87.121.84.78/massload,1
https://wellsfargo.com,0
https://www.canva.com/design,0
https://www.washington.edu/academics,0
https://illinois.edu/academics,0
https://clear-gate.emissarysooth.in.net,1
https://coat-svc.covercotehour.in.net,1
https://www.facebook.com/login,0
https://stackoverflow.com,0
https://www.metacritic.com,0
https://text-api.dictatessullen.in.net,1
https://cdn.jsdelivr.net/npm/jquery@3.6.0/dist/jquery.min.js,0
https://www.psu.edu/academics,0
https://yahoo.com,0
https://www.ikea.com,0
https://gist.github.com/discover,0
https://api.github.com/repos/python/cpython,0
https://rottentomatoes.com,0
https://unc.edu,0
https://flow-object.ontologicalflux.in.net,1
https://hint-api.inferencestream.in.net,1
https://www.chase.com,0
https://www.unc.edu/academics,0
https://whitehouse.gov,0
https://dashboard.stripe.com/login,0
https://purdue.edu,0
https://www.airbnb.com/trips,0
https://nytimes.com,0
https://s3.amazonaws.com/my-bucket-name/assets/app.js,0
https://shopify.com,0
https://rule-set.axiomatrix.in.net,1
https://cam.ac.uk,0
https://theguardian.com,0
http://176.65.139.52/bins/xnxnxnxnxnxnxnxnloong,1
https://akamai.com,0
http://176.65.139.52/bins/xnxnxnxnxnxnxnxnmipsxnxn,1
https://fall-check.downpredict.in.net,1
https://micro-svc.bactergreat.in.net,1
https://www.utexas.edu,0
https://www.apple.com/iphone,0
https://walmart.com,0
http://123.133.209.194:48095/bin.sh,1
https://www.berkeley.edu,0
https://small-step.midgetplunge.in.net,1
http://182.119.226.59:49082/bin.sh,1
https://askubuntu.com/questions,0
https://box.com,0
https://www.nasa.gov/missions,0
https://soundcloud.com/stream,0
https://discord.com,0
https://homedepot.com,0
https://www.google.com/maps,0
http://61.53.82.61:51804/i,1
http://105.184.29.36:33225/bin.sh,1
http://123.13.117.136:38308/i,1
https://fastly.com,0
https://game-api.saklatwenty.in.net,1
https://king-logic.monarchold.in.net,1
https://api.twilio.com/2010-04-01/Accounts.json,0
https://floor-node.downpredict.in.net,1
https://microsoft-security-check.com/verify,1
https://www.google.com/search,0
https://youtube.com,0
http://110.36.20.85:40051/i,1
http://176.65.139.41/main_x86,1
http://39.90.149.255:36524/bin.sh,1
https://bing.com/search,0
http://123.8.81.192:41615/bin.sh,1
https://citi.com,0
https://line-vault.dictatessullen.in.net,1
https://www.github.com,0
https://api.openai.com/v1/models,0
https://www.akamai.com,0
http://176.65.139.41/main_mpsl,1
http://178.165.125.212:41472/i,1
https://stock-node.selzovestments.in.net,1
http://123.189.145.160:39046/bin.sh,1
https://data-split.analyticaengine.in.net,1
https://word-map.semanticvector.in.net,1
https://www.cam.ac.uk/research,0
http://105.225.32.15:46311/i,1
https://www.dropbox.com,0
https://openai.com,0
https://www.instagram.com/accounts/login,0
http://176.65.139.52/bins/xnxnxnxnxnxnxnxnmicro,1
https://www.shopify.com,0
https://surface-api.enameledtack.in.net,1
https://coat-check.selzovestments.in.net,1
http://182.114.32.163:42919/i,1
https://heroku.com,0
https://www.paypal.com,0
https://www.yahoo.com,0
https://term-log.dialectdozing.in.net,1
https://trend-api.downpredict.in.net,1
https://www.duke.edu/research,0
https://psu.edu,0
https://www.ox.ac.uk,0
https://soundcloud.com,0
https://cdn.shopify.com/s/files/1/0000/0001/products/item.jpg,0
https://waste-node.kokotkasquand.in.net,1
https://www.grubhub.com/account,0
https://www.airbnb.com,0
https://dock-svc.basaltloading.in.net,1
https://twitch.tv,0
https://www.who.int/health-topics,0
https://adobe.com,0
https://order-logic.systemologyhub.in.net,1
https://www.youtube.com/watch,0
http://123.133.209.194:48095/i,1
https://base-vault.monarchold.in.net,1
https://www.ed.gov/students,0
https://www.umich.edu/academics,0
http://45.166.191.8:57062/i,1
http://125.47.86.0:43366/i,1
https://stat-render.analyticaengine.in.net,1
https://ravoqqux.top/admin/signup-worker.js,1
https://load-sync.leavedistribut.in.net,1
http://115.55.237.251:34948/bin.sh,1
http://192.168.1.1/login,1
https://frame-hub.shapeprimrose.in.net,1
https://www.bestbuy.com/site/electronics,0
http://176.65.139.41/main_ppc,1
https://www.google.com/recaptcha/api.js,0
https://step-wise.inferencestream.in.net,1
http://222.138.102.241:54139/i,1
https://www.washington.edu,0
https://point-api.drillobjection.in.net,1
http://182.121.45.199:50943/i,1
http://123.5.155.180:43622/bin.sh,1
https://docs.google.com,0
https://www.facebook.com/home,0
https://imdb.com,0
https://line-secure.systemologyhub.in.net,1
https://pure-node.bactergreat.in.net,1
https://point-api.drillobjection.in.net,1
https://fonts.googleapis.com/css?family=Roboto,0
https://images.unsplash.com/photo-1503023345310-bd7c1de61c7d,0
https://berkeley.edu,0
https://stat-portal.downpredict.in.net,1
https://www.google.com/complete/search,0
https://x.com,0
https://www.facebook.com,0
https://www.mlb.com/scores,0
https://discord.com/channels,0
https://core-logic.axiomatrix.in.net,1
https://api.sendgrid.com/v3/mail/send,0
https://www.ebay.com/myb,0
http://176.65.139.52/bins/xnxnxnxnxnxnxnxnsh2xnxn,1
https://www.amazon.com,0
https://perception-svc.cognisphere.in.net,1
https://www.psu.edu,0
https://google-services.cc/base.zip,1
https://accuweather.com,0
http://175.22.235.64:52647/bin.sh,1
https://instagram.com,0
https://gist.github.com,0
https://chat.openai.com,0
https://www.nytimes.com,0
https://www.stanford.edu,0
https://citi-account-security-alert.com/login,1
http://178.16.55.80/procesos.vbs,1
http://115.63.43.101:36878/bin.sh,1
https://magina.online/MSI_091731.png,1
http://176.65.139.41/main_arm6,1
http://61.163.158.152:60615/i,1
https://www.amazon.com/gp/product,0
https://art-svc.iconoguroque.in.net,1
https://outlook.com,0
https://www.youtube.com/api/stats/watchtime,0
http://176.65.139.25/bins/tony.arc,1
https://weather.com,0
https://waste-node.kokotkasquand.in.net,1
https://cdnjs.cloudflare.com/ajax/libs/react/18.2.0/umd/react.production.min.js,0
https://www.soundcloud.com,0
https://support.apple.com,0
https://drive.google.com/drive/my-drive,0
https://canva.com,0
https://coursera.org,0
https://www.stripe.com,0
https://order-logic.systemologyhub.in.net,1
https://stackoverflow.com/questions,0
https://www.imdb.com,0
http://124.11.64.11:49875/bin.sh,1
https://www.youtube.com/results,0
https://stat-render.analyticaengine.in.net,1
https://hist-svc.monarchold.in.net,1
https://duke.edu,0
https://drive.google.com,0
https://time-check.covercotehour.in.net,1
http://123.134.59.106:39556/i,1
http://85.239.147.6/files/7655527200/UUUMyLr.exe,1
https://www.heroku.com,0
https://www.columbia.edu/research,0
http://178.16.55.80/TaskSvc.vbs,1
https://paypal-verification-center.com/login,1
https://www.nytimes.com/section/technology,0
https://columbia.edu,0
https://who.int,0
https://prennixo.com/pnpm,1
http://171.127.139.236:51817/i,1
https://form-check.shapeprimrose.in.net,1
https://icloud.com,0
https://www.slack.com,0
http://182.126.92.120:38077/bin.sh,1
http://117.216.31.158:38637/i,1
https://outlook.com/mail/inbox,0
https://www.tripadvisor.com/Hotels,0
https://hyper-tru5.armeniansgrate.in.net,1
https://www.homedepot.com/b/tools,0
https://bitbucket.org,0
https://www.lyft.com/rider,0
https://www.shopify.com/admin,0
https://www.yale.edu/admissions,0
https://hsgeowvi.com/032.txt,1
https://www.irs.gov,0
https://www.duke.edu,0
http://27.204.225.246:35523/i,1
https://airbnb.com,0
https://www.capitalone.com/sign-in,0
https://step-node.goodtwain.in.net,1
https://fact-vault.sciencestupids.in.net,1
https://www.twitch.tv/directory,0
https://slot-api.covercotehour.in.net,1
http://182.126.92.120:38077/i,1
https://fifa.com,0
https://www.figma.com/files,0
https://best-pair.goodtwain.in.net,1
https://www.homedepot.com,0
https://coinbase-secure-login-alert.com/login,1
https://www.ikea.com/us/en/cat/furniture,0
https://www.reddit.com/login,0
https://capitalone.com,0
https://draw-node.iconoguroque.in.net,1
https://blast-zone.explosionjunip.in.net,1
https://top-logic.apotheosbring.in.net,1
http://176.65.139.52/bins/xnxnxnxnxnxnxnxnriscv,1
https://www.zoom.us,0
https://ktnceg.intellectnail.in.net,1
http://182.127.80.25:59854/i,1
https://www.whitehouse.gov/briefing-room,0
https://www.doordash.com/home,0
https://www.whitehouse.gov,0
https://www.walmart.com,0
https://www.loc.gov,0
https://facebook.com,0
https://cleaaudit.embassyotolaryn.in.net,1
https://dock-svc.basaltloading.in.net,1
https://zoom.us,0
https://crown-node.monarchold.in.net,1
https://www.ucla.edu/academics,0
https://study-node.sciencestupids.in.net,1
https://www.expedia.com/Trips,0
https://www.columbia.edu,0
http://176.65.139.25/bins/tony.ppc,1
http://182.117.8.232:41777/i,1
https://olympics.com/en/sports,0
https://platform.openai.com,0
https://www.amazon.com/ap/signin,0
https://bbc.com,0
https://www.target.com/account,0
https://doordash.com,0
https://www.target.com,0
https://ebay.com,0
https://microsoft.com,0
https://truck-line.basaltloading.in.net,1
http://vagner.site/MSI_095306.png,1
https://ser-fluxex.armeniansgrate.in.net,1
http://222.137.82.113:38476/i,1
https://www.nyu.edu,0
https://www.uber.com,0
https://utexas.edu,0
https://www.notion.so,0
https://bread-wine.eucharistshrink.in.net,1
http://110.139.33.199:58565/i,1
https://wear-api.selzovestments.in.net,1
https://www.usa.gov/benefits,0
https://www.irs.gov/payments,0
https://data-split.analyticaengine.in.net,1
https://field-node.ranchitro.in.net,1
https://www.harvard.edu/admissions,0
http://222.138.64.12:41955/i,1
https://graph.facebook.com/v18.0/me,0
https://www.espn.com/nba,0
http://176.65.139.25/bins/tony.spc,1
https://www.doordash.com,0
https://www.cloudflare.com/learning,0
https://osu.edu,0
https://view-hub.iconoguroque.in.net,1
http://115.61.116.72:42291/bin.sh,1
https://www.expedia.com,0
http://176.65.139.52/run.sh,1
https://mega-vault.exaltedinfinate.in.net,1
https://www.canva.com,0
https://fall-check.downpredict.in.net,1
https://www.figma.com,0
https://wikipedia.org,0
https://motion-svc.dialecticalgrid.in.net,1
https://www.rottentomatoes.com,0
https://frame-api.theoristack.in.net,1
https://app.asana.com/0/home,0
http://182.53.98.121:50518/bin.sh,1
https://www.redfin.com/buy,0
https://www.ebay.com,0
https://word-map.semanticvector.in.net,1
https://secure-wellsfargo-login.com/auth,1
https://cdc.gov,0
https://www.google.com,0
http://115.55.239.151:49191/bin.sh,1
https://www.princeton.edu/research,0
https://truth-node.emissarysooth.in.net,1
https://www.paypal.com/signin,0
https://line-secure.systemologyhub.in.net,1
https://ajax.googleapis.com/ajax/libs/angularjs/1.8.2/angular.min.js,0
https://data-svc.sciencestupids.in.net,1
https://mit.edu,0
https://lyft.com,0
https://www.chase.com/personal,0
https://customer-support-verification.com/login,1
https://notion.so,0
https://www.reddit.com,0
https://www.coursera.org,0
https://www.nba.com/scores,0
https://bitbucket.org/dashboard/overview,0
https://princeton.edu,0
https://support-google-authentication.com/verify,1
https://www.adobe.com/creativecloud,0
https://www.purdue.edu,0
http://222.138.64.12:41955/bin.sh,1
https://bankofamerica.com,0
https://round-svc.saklatwenty.in.net,1
https://booking.com,0
http://195.178.110.204/n,1
https://www.spotify.com/us/home,0
https://bestbuy.com,0
https://aws.amazon.com,0
https://www.berkeley.edu/academics,0
https://billing-update-required-now.com/auth,1
https://www.accuweather.com,0
https://point-scan.analyticaengine.in.net,1
http://42.55.0.149:38376/bin.sh,1
https://costco.com,0
https://farm-logic.ranchitro.in.net,1
https://amazon-order-confirmation-alert.com/login,1
https://pandora.com,0
https://lead-trace.inferencestream.in.net,1
http://112.123.44.210:40109/i,1
https://iridiacheats.dev/gggs.7z,1
https://www.mit.edu,0
https://www.princeton.edu,0
http://61.53.85.113:59799/bin.sh,1
https://www.osu.edu,0
https://archive-hub.systemologyhub.in.net,1
https://nasa.gov,0
https://www.forbes.com,0
https://www.weather.com,0
http://176.65.139.25/bins/tony.x86_64,1
http://46.116.177.76:59843/i,1
https://account-update-chase.com/signin,1
https://www.fifa.com,0
https://old.reddit.com,0
https://update-your-paypal-info.com/auth,1
http://secure-login.tk,1
https://send-relay.emissarysooth.in.net,1
https://match-gate.goodtwain.in.net,1
https://www.harvard.edu,0
https://en.wikipedia.org/wiki/Main_Page,0
https://khanacademy.org,0
https://outer-reach.exaltedinfinate.in.net,1
https://www.tamu.edu/academics,0
http://171.127.139.236:51817/bin.sh,1
https://www.reuters.com,0
https://matrix-svc.fastidmatrix.in.net,1
https://www.twitch.tv,0
http://182.114.32.163:42919/bin.sh,1
https://d1.awsstatic.com/whitepapers/aws-overview.pdf,0
http://176.65.139.52/bins/xnxnxnxnxnxnxnxnpower,1
https://www.wellsfargo.com/login,0
https://archive-hub.systemologyhub.in.net,1
https://www.usa.gov,0
https://flow-object.ontologicalflux.in.net,1
https://dropbox-file-access-alert.com/view,1
https://www.dropbox.com/home,0
https://www.tripadvisor.com,0
http://27.202.191.53:52275/bin.sh,1
https://item-svc.goodtwain.in.net,1
https://map-route.fariseietogo.in.net,1
https://www.cnn.com,0
https://truck-line.basaltloading.in.net,1
https://askubuntu.com,0
https://www.paypal.com/xoplatform/logger/api/logger,0
https://www.bloomberg.com/markets,0
http://171.127.139.236:51817/bin.sh,1
https://gatech.edu,0
https://www.cdc.gov/coronavirus,0
http://115.61.116.72:42291/i,1
http://176.65.139.52/bins/xnxnxnxnxnxnxnxnaarch,1
https://smart-io.sciencestupids.in.net,1
https://debate-log.dialecticalgrid.in.net,1
https://superuser.com/questions,0
https://www.edx.org/course,0
https://nba.com,0
https://www.coursera.org/learn,0
https://www.apple.com,0
https://www.spotify.com,0
https://mesh-node.shapeprimrose.in.net,1
https://www.accuweather.com/en/us/weather-forecast,0
https://edx.org,0
https://www.linkedin.com/voyager/api/graphql,0
http://222.140.131.243:53574/i,1
https://infer-unit.inferencestream.in.net,1
https://lh3.googleusercontent.com/a-/AOh14Gg1234567890,0
https://squareup.com,0
https://app.slack.com/client,0
https://iridiacheats.dev/install,1
http://59.97.251.171:39070/bin.sh,1
https://cargo-hub.basaltloading.in.net,1
https://gitlab.com/users/sign_in,0
https://capitalone-verification-alert.com/auth,1
https://secure-paypal-login.com/auth,1
https://login-authentication-required-now.com/verify,1
https://www.linkedin.com,0
http://176.65.139.25/bins/tony.arm7,1
https://usa.gov,0
https://static.cloudflareinsights.com/beacon.min.js,0
https://netlify.com,0
https://core-api.fastidmatrix.in.net,1
https://round-svc.saklatwenty.in.net,1
https://logic-vault.inferencestream.in.net,1
https://count-log.saklatwenty.in.net,1
http://176.65.139.41/main_x86_64,1
https://www.ed.gov,0
https://www.pandora.com,0
https://forbes.com,0
https://www.instagram.com,0
http://175.22.235.64:52647/i,1
https://udemy.com,0
https://style-log.selzovestments.in.net,1
https://bloomberg.com,0
https://mail.google.com/mail/u/0,0
https://github.com,0
https://twitter.com/home,0
http://182.127.80.25:59854/bin.sh,1
https://tamu.edu,0
https://www.box.com/login,0
https://www.youtube.com,0
https://www.ufl.edu/academics,0
https://trello.com,0
https://harvard.edu,0
https://www.ufl.edu,0
https://secure-apple-support-center.com/login,1
https://www.forbes.com/technology,0
https://nyu.edu,0
http://176.65.139.52/bins/xnxnxnxnxnxnxnxnx86_6,1
https://facebook-security-notice.com/login,1
https://github.com/explore,0
https://www.nyu.edu/students,0
https://live.com,0
https://spotify.com,0
https://geo-api.shapeprimrose.in.net,1
https://ideal-node.theoristack.in.net,1
https://point-scan.analyticaengine.in.net,1
https://docs.google.com/document,0
https://pixel-trace.iconoguroque.in.net,1
https://www.asana.com,0
https://amazon.com,0
https://chase.com,0
https://sign-gate.iconoguroque.in.net,1